<?xml version="1.0" encoding="utf-8" ?>
<!--
 * FCKeditor - The text editor for internet
 * Copyright (C) 2003-2005 Frederico Caldeira Knabben
 * 
 * Licensed under the terms of the GNU Lesser General Public License:
 * 		http://www.opensource.org/licenses/lgpl-license.php
 * 
 * For further information visit:
 * 		http://www.fckeditor.net/
 * 
 * File Name: fckstyles.xml
 * 	This is the sample style definitions file. It makes the styles combo
 * 	completely customizable.
 * 	See FCKConfig.StylesXmlPath in the configuration file.
 * 
 * File Authors:
 * 		Frederico Caldeira Knabben (fredck@fckeditor.net)
-->
<Styles>
	<Style name="Image on Left" element="img">
		<Attribute name="style" value="padding: 5px; margin-right: 5px" />
		<Attribute name="border" value="2" />
		<Attribute name="align" value="left" />
	</Style>
	<Style name="Image on Right" element="img">
		<Attribute name="style" value="padding: 5px; margin-left: 5px" />
		<Attribute name="border" value="2" />
		<Attribute name="align" value="right" />
	</Style>
	<Style name="Custom Bold" element="span">
		<Attribute name="style" value="font-weight: bold;" />
	</Style>
	<Style name="Custom Italic" element="em" />

	<Style name="8 pt Font" element="span">
		<Attribute name="class" value="8ptFont" />
	</Style>

	<Style name="9 pt Font" element="span">
		<Attribute name="class" value="9ptFont" />
	</Style>

	<Style name="10 pt Font" element="span">
		<Attribute name="class" value="10ptFont" />
	</Style>

	<Style name="12 pt Font" element="span">
		<Attribute name="class" value="12ptFont" />
	</Style>
	
	<Style name="Code" element="span">
		<Attribute name="class" value="Code" />
	</Style>
	<Style name="Subtitle" element="span">
		<Attribute name="class" value="Subtitle" />
	</Style>
	<Style name="Highlight" element="span">
		<Attribute name="class" value="Highlight" />
	</Style>
	<Style name="Custom Ruler" element="hr">
		<Attribute name="size" value="1" />
		<Attribute name="color" value="#ff0000" />
	</Style>
</Styles>