<?xml version="1.0" encoding="utf-8" ?>
<Templates imagesBasePath="fck_template/images/">

	<Template title="Error Message Article" image="error_template.gif">
		<Description>Error Message Template Article</Description>
		<Html>
			<![CDATA[
<p><strong>Cause:</strong></p>
<br>
<table id="Categorization" cellspacing="0" class="CategoryTable">
    <tbody>
        <tr>
            <th class="CatHdr" colspan="2">Incident Classification / Assignment Details</th>
        </tr>
        <tr>
            <th width="35%">Service Type:</th>
            <td id="CatType">&nbsp;</td>
        </tr>
        <tr>
            <th>Operational Tier 1:</th>
            <td id="CatT1">&nbsp;</td>
        </tr>
        <tr>
            <th>Operational Tier 2:</th>
            <td id="CatT2">&nbsp;</td>
        </tr>
        <tr>
            <th>Operational Tier 3:</th>
            <td id="CatT3">&nbsp;</td>
        </tr>
        <tr>
            <th>Product Name:</th>
            <td id="CatProd">&nbsp;</td>
        </tr>
        <tr>
            <th>Support Organization:</th>
            <td id="CatOrg">IT</td>
        </tr>
        <tr>
            <th>Assigned Group:</th>
            <td id="CatGroup">&nbsp;</td>
        </tr>
    </tbody>
</table>
<p>&nbsp;</p>
			]]>
		</Html>
	</Template>		

	<Template title="How To Template" image="howto_template.gif">
		<Description>Basic How-To Template</Description>
		<Html>
			<![CDATA[
<p><strong>Answer:</strong></p>
<br /><br />
<table id="Categorization" cellspacing="0" class="CategoryTable">
    <tbody>
        <tr>
            <th class="CatHdr" colspan="2">Incident Classification / Assignment Details</th>
        </tr>
        <tr>
            <th width="35%">Service Type:</th>
            <td id="CatType">&nbsp;</td>
        </tr>
        <tr>
            <th>Operational Tier 1:</th>
            <td id="CatT1">&nbsp;</td>
        </tr>
        <tr>
            <th>Operational Tier 2:</th>
            <td id="CatT2">&nbsp;</td>
        </tr>
        <tr>
            <th>Operational Tier 3:</th>
            <td id="CatT3">&nbsp;</td>
        </tr>
        <tr>
            <th>Product Name:</th>
            <td id="CatProd">&nbsp;</td>
        </tr>
        <tr>
            <th>Support Organization:</th>
            <td id="CatOrg">IT</td>
        </tr>
        <tr>
            <th>Assigned Group:</th>
            <td id="CatGroup">&nbsp;</td>
        </tr>
    </tbody>
</table>
			]]>
		</Html>
	</Template>

  <Template title="Application General" image="template1.gif">
		<Description>Application Template - information and general routing regarding an application</Description>
		<Html>
			<![CDATA[
<p><span class="Subtitle">[Application Name]</span></p>
<p>&nbsp;</p>
<p><span class="Subtitle">Background</span> </p>
<p>&nbsp;</p>
<div>Please provide some background information regarding the application. Useful information would include: </div>
<ul type="disc">
    <li>application type (local install, Web Based(include URL), Servers/databases the application uses) </li>
    <li>Client base (Approx # of users, business units/ departments where clients are based) </li>
    <li>Access requirements (ID, password) </li>
    <li>Support requirements (24 hour(if 7x24 ensure that afterhours spreadsheet has been updated), working hours only, etc..) </li>
    <li>Which group or queue ticket should be routed to eg (if issue with x put in y queue)&nbsp;&nbsp; </li>
</ul>
<div><span class="Subtitle">General Troubleshooting</span></div>
<div>&nbsp;</div>
<div><strong></strong></div>
<div><span class="Subtitle"></span></div>
Please provide some (specific) information regarding basic troubleshooting of the application, questions EHD can ask to help identify and resolve problems, or information required by other support groups before the EHD routes the ticket for action.
<div>&nbsp;</div>
<div>&nbsp;</div>
<div><span class="Subtitle">Miscellaneous / Service Request Routing</span></div>
<div>&nbsp;</div>
<div><span class="Subtitle"></span></div>
<div><span class="Subtitle"></span></div>
<div><span class="Subtitle"></span></div>
<div><span class="Subtitle"></span>Provide some detail about other requests that Help Desk may receive regarding this application and how they should be routed/handled</div>
			]]>
		</Html>
	</Template>
	
</Templates>